Wavelength_nm,-15.0V,-14.0V,-13.0V,-12.0V,-11.0V,-7.9V,-4.0V,-1.0V
900,0.15692778783215294,0.1587190115770682,0.15417753265171744,0.15356855397667268,0.15174848853386433,0.13116172012797736,0.09585658321279668,0.059476935684624636
901,0.15773550432723898,0.1595789643420009,0.15489544962315271,0.1542915557574156,0.1524106611679153,0.1316448376952368,0.0958558455134727,0.05911757536366693
902,0.15915733637477614,0.1610898330600503,0.15616505463281843,0.1555671247727079,0.15358388162625805,0.13250701059262793,0.09586861696980215,0.05851724305972837
903,0.16091234057029408,0.1629477665900379,0.1577458069977325,0.15714861626968685,0.1550500104597883,0.13359842036002167,0.09591968347122493,0.05785275383410629
904,0.1627613312411531,0.16489294498179258,0.15943443723019657,0.15882756149593785,0.15662592535927283,0.13479416939297062,0.09603930376790826,0.05728581349015893
905,0.16457758179024629,0.16678575660698872,0.16112586881827984,0.16049612498086296,0.15821908033497417,0.13603266163184702,0.09625931174002508,0.056921376428461436
906,0.16634470798829754,0.16860475776447537,0.16281107181871735,0.16214491268149572,0.15982529147375876,0.13731389019118878,0.09661128865459,0.05680652013331644
907,0.16811833111241242,0.1704056708162709,0.16454362054841234,0.163828697732327,0.1614979132822273,0.138677912773653,0.09712621490322265,0.05695002171258708
908,0.16998899037810392,0.17228165157416928,0.16640743085252563,0.16563335273657864,0.1633181728561766,0.140184185339571,0.09783467443691748,0.0573419569401432
909,0.17206034787126084,0.17433992691995198,0.16849781775432765,0.16765643433115107,0.16537776591196035,0.1418994474981086,0.09876707939817164,0.05796534541054791
910,0.1744399783817256,0.17669191970609321,0.17091349430507857,0.16999898211440106,0.16777150821431955,0.1438926092509075,0.09995378623112772,0.05880109739765402
911,0.1772363958284357,0.17945006002706426,0.17375398898850258,0.17276287150256553,0.17059496411739747,0.14623310126695,0.10142513698232547,0.059829615634785144
912,0.18055828500268534,0.1827269614492002,0.17711897839095836,0.17605012971768752,0.1739438336661081,0.14899044864121838,0.10321146907390585,0.06103120801121531
913,0.18451432223426412,0.18663522976887725,0.18110813009477367,0.17996277475321204,0.17791380689403907,0.15223416992812183,0.10534310720070286,0.06238617094313852
914,0.1892130329254792,0.1912873155227383,0.18582097223861072,0.18460268167492172,0.18260043697199319,0.15603369065121145,0.10785031318703181,0.06387480105718606
915,0.19476231812092049,0.19679502672464078,0.19135645641875926,0.19007113460121622,0.18809871150499277,0.16045805182874257,0.11076309117063285,0.06547739884140447
916,0.20126796567300229,0.2032679967098506,0.19781158288104725,0.19646741754520408,0.19450170390520655,0.16557499309522106,0.1141105731780169,0.06717427791684988
917,0.20882983725538734,0.2108097602040472,0.2052778795570588,0.20388520547902989,0.2018971194743454,0.17144860451990607,0.11791944551064662,0.06894578873443374
918,0.2175340169495285,0.2195096734615123,0.21383415196191768,0.21240513308659745,0.21036018335786394,0.17813449140914,0.12221070847842347,0.07077236736967474
919,0.22744003251605316,0.229429763720723,0.22353468314207856,0.2220826998850171,0.21994206518930826,0.18567190468135697,0.12699440263766337,0.07263461493963203
920,0.23856497368752566,0.24058838539565194,0.23439456829005226,0.23293323842239258,0.23065549296361537,0.19407396030649138,0.1322630544359421,0.07451339630566084
921,0.25086970690169885,0.2529460337070377,0.24637698523549503,0.24491886672451368,0.24246226593005693,0.20331914974511692,0.13798598708048976,0.07638992577367239
922,0.2642533514011195,0.2663996600610038,0.25938809354484493,0.2579432599924381,0.2552682508876117,0.21334793742151514,0.14410704109869582,0.07824580169694173
923,0.2785588269352415,0.2807883812013928,0.27328215699139646,0.2718569013443442,0.2689284075239159,0.2240661727432831,0.1505468655626856,0.08006297374021687
924,0.2935867378913718,0.2959077674716829,0.2878743626574105,0.2864702225745712,0.2832593653838963,0.23535361909152266,0.1572086561721227,0.08182366493399326
925,0.30911163536353015,0.3115265786387872,0.3029558310125725,0.301568994547569,0.29805415572218397,0.24707388607844588,0.16398489793999516,0.08351030280588789
926,0.32489599529906465,0.32740115060309205,0.3183065029086886,0.31692755284610974,0.3130948770571953,0.2590827775280095,0.1707632328293524,0.0851055340415259
927,0.3407011417586064,0.3432866412216503,0.33370517346576467,0.33231912504882183,0.3281625993396323,0.2712343517970254,0.17743122100079164,0.086592416633831
928,0.35629738521653004,0.35894747334730975,0.34893874519289203,0.34752540295224765,0.34304656719789495,0.2833857926381517,0.18388104631521524,0.08795489231992137
929,0.37147580625468635,0.374169477255046,0.36381293225575817,0.36234765736661584,0.3575549059736153,0.2954024319010885,0.19001522812917773,0.08917858482120908
930,0.3860615224240129,0.3887735632444558,0.3781642913522506,0.376619247408727,0.37152667902853576,0.3071631431253864,0.19575315127286366,0.09025180048151032
931,0.3999249166064171,0.4026272938263904,0.3918703992361683,0.39021620666679446,0.3848420932661284,0.3185648463409315,0.2010366155306434,0.09116639862394615
932,0.41298611535961327,0.41564949923544525,0.40485391154395367,0.4030614653235305,0.39742656959681166,0.32952430092426943,0.20583205092411266,0.09191814065334049
933,0.42521054011661163,0.4278056923214318,0.4170785312495942,0.41512065599632963,0.4092466992348699,0.33997634013242267,0.21012831462195214,0.09250634077021067
934,0.4365978015408575,0.4390966226503972,0.42853894445948226,0.426391643722284,0.4203001493375943,0.3498694800716837,0.2139311921045015,0.09293299485120854
935,0.4471689047955572,0.44954508977040786,0.43924922550895334,0.4368924635302786,0.430604033368767,0.35916096381095686,0.21725706203350842,0.0932017768768236
936,0.45695595464983607,0.4591853329039164,0.4492335074728901,0.44665161477240434,0.4401855536627221,0.3678131189266327,0.2201277988822551,0.09331723143873019
937,0.465995830164854,0.4680565118396285,0.4585202500086192,0.45570209783757176,0.44907625209653673,0.37579202160744035,0.22256764104661955,0.09328427760604596
938,0.47432711284730933,0.4761995409711208,0.4671394555720477,0.4640785181212548,0.4573092179673296,0.383068715271654,0.22460166986410246,0.0931079679812894
939,0.4819888872318252,0.4836558531316052,0.47512158247554837,0.47181595525620035,0.46491799779418974,0.38962270957173395,0.22625521573929233,0.09279339462259459
940,0.4890203605358132,0.49046700759570716,0.48249720021061604,0.47894960453643765,0.4719362496076941,0.3954467718631274,0.22755366982081043,0.09234565921104826
941,0.49546076409238904,0.49667458849044754,0.4892969001401496,0.4855146839953003,0.47839765336283185,0.40055117856788,0.2285224351866642,0.09176986532259415
942,0.5013493324501545,0.5023201832347037,0.4955512767166521,0.4915464147370632,0.4843358919853639,0.4049654264463451,0.22918691639266858,0.09107111681930632
943,0.5067252980824671,0.507445376958894,0.5012909236988282,0.49708001617637393,0.48978464683970996,0.4087365056966581,0.22957251619484192,0.09025451762967404
944,0.511627881166288,0.5120917413601703,0.5065464297311735,0.5021506974908053,0.49477758976423936,0.41192458367436835,0.2297046273377254,0.08932517188197643
945,0.516096251384796,0.5163007929782013,0.5113483624197586,0.5067936258120922,0.49934835346939255,0.4145979636684832,0.22960860147924156,0.08828818451766665
946,0.5201694075287897,0.5201138616764246,0.515727218166988,0.5110438259708578,0.5035304382399046,0.4168287983283377,0.2293096512232301,0.0871486632301863
947,0.5238858691431205,0.5235717538085232,0.5197132936936386,0.5149359237323526,0.5073569729894595,0.41868985399352887,0.2288325992140369,0.08591172343057854
948,0.5272830415883527,0.5267140586363215,0.5233364214867624,0.5185036170869151,0.510860223242512,0.4202516932264316,0.22820136149107578,0.0845824984723032
949,0.530396182633846,0.5295780194760026,0.5266255392224921,0.5217788157379133,0.5140707903400092,0.42157955737709385,0.2274381066119468,0.08316615629284399
950,0.5332571181136712,0.5321971307302611,0.5296081546338862,0.5247905716357382,0.5170166161921379,0.4227299211220534,0.22656221058951748,0.08166792009631643
951,0.5358931270949796,0.534599920089312,0.5323098810074833,0.5275641506638514,0.5197221193874653,0.4237475912287926,0.2255893497602522,0.08009308630630883
952,0.5383264949032023,0.5368094602728897,0.534754250947703,0.5301206604454134,0.5222078488290252,0.4246645506626012,0.2245311370835524,0.07844703176380141
953,0.5405749600968515,0.5388438572882492,0.536962902612445,0.5324774225366555,0.5244908300982325,0.42550110528408636,0.22339548584241636,0.07673520652924723
954,0.5426528292991493,0.5407174682291569,0.5389560442165344,0.5346489007408314,0.5265854293457414,0.42626874688922906,0.2221875167751099,0.07496311592973107
955,0.5445722615421138,0.5424423042437377,0.5407529891638778,0.5366477705742247,0.5285043485386983,0.4269734517205225,0.220910603138085,0.07313629987636172
956,0.5463443016734767,0.544029159388258,0.5423725866246562,0.5384857797782076,0.5302594262550209,0.4276183345153467,0.21956721158286163,0.07126031622266452
957,0.5479795152950213,0.54548830420923,0.5438334860874232,0.5401742770287783,0.5318621297015748,0.42820527918710743,0.21815941880146583,0.06934073053976642
958,0.5494882971161518,0.5468298225769344,0.5451542658370665,0.5417244687008245,0.5333237936595214,0.42873573075465465,0.21668916243184103,0.0673831111507828
959,0.5508809913520594,0.5480637432037253,0.5463534831196115,0.5431475191229902,0.5346557137817018,0.4292110045550175,0.21515833902509893,0.06539302719196938
960,0.5521679299027838,0.5492000813493614,0.5474496900478105,0.5444545823691627,0.5358691761778598,0.4296323842968217,0.2135688351115878,0.06337604799790064
961,0.553359442244101,0.5502488496254291,0.548461437685847,0.5456568104945584,0.5369754650791592,0.4300011474625747,0.21192253524904708,0.06133774294219044
962,0.5544658574929993,0.5512200602515887,0.5494072765543406,0.5467653552556339,0.537985864438738,0.4303185706133274,0.2102213237032732,0.05928368140423049
963,0.5554975047314321,0.5521237254092303,0.5503057544966399,0.5477913683796719,0.5389116581825849,0.43058593022015257,0.20846708471155487,0.05721943276397661
964,0.5564647130394704,0.5529698572776874,0.5511754058290459,0.5487460015923881,0.5397641302352298,0.4308045027492877,0.206661702509649,0.055150566401415024
965,0.5573778114971419,0.5537684680362464,0.552034709407869,0.5496404066194613,0.5405545645211689,0.4309755646668599,0.2048070613332772,0.05308265169653259
966,0.5582471291844743,0.5545295698641934,0.552901956390941,0.5504857351865717,0.5412942449648992,0.4311003924389957,0.2029050454181613,0.051021258029316195
967,0.5590829951814954,0.5552631749408151,0.55379491155958,0.551293139019398,0.5419944554909166,0.4311802625318222,0.200957539000023,0.04897195477975271
968,0.559895738568233,0.5559792954453977,0.5547301159384029,0.55207376984362,0.542666480023718,0.43121645141146603,0.198966426314584,0.046940311327829026
969,0.5606956884246419,0.5566879435571563,0.5557217517598871,0.5528387793848375,0.5433216024877203,0.43121023554405413,0.19693359159756613,0.044931897053517564
970,0.5614931738275006,0.5573991314522154,0.5567802318134925,0.5535993193651793,0.5439711068038882,0.4311628913957132,0.194860919084691,0.04295228133616062
971,0.5622985237944735,0.5581228712491678,0.5579109749721118,0.5543665414421852,0.5446262768289236,0.4310756954325702,0.1927502930116804,0.04100703354337422
972,0.5631220667378474,0.5588691744774403,0.5591139152032907,0.5551515966119427,0.5452983957614325,0.43094992412075184,0.19060359761425605,0.039101722922686474
973,0.5639741269794776,0.559648048685564,0.5603839921369088,0.5559656314012222,0.5459987423533769,0.43078685392638494,0.18842271712813977,0.03724191791021306
974,0.5648650080620105,0.5604694811993014,0.5617123737896315,0.5568197696328641,0.5467385727679686,0.4305877613155965,0.18620953578905314,0.03543318282013061
975,0.565804928329811,0.5613433764276307,0.5630878604864564,0.5577250420397433,0.5475290505507091,0.4303539227545132,0.18396593783271797,0.03368106506596631
976,0.5668038177825725,0.5622793581563463,0.5644979986761307,0.558692164301485,0.5483810257921499,0.4300866147092618,0.18169380749485603,0.03199105486276725
977,0.5678707977940205,0.5632862631992087,0.5659297239644421,0.5597309685709364,0.5493044695382917,0.4297871136459693,0.17939502901118903,0.03036848201971619
978,0.5690131097880362,0.5643710987627018,0.5673695878852373,0.5608492329164885,0.5503073091712736,0.4294566960307624,0.17707148661743866,0.028818303423294875
979,0.5702343715836139,0.5655373454837638,0.5688037080024415,0.5620507761570408,0.5513935329094449,0.42909663832976797,0.17472506454932665,0.02734475715114671
980,0.5715324103412919,0.5667828484070134,0.5702175834831166,0.5633330900802724,0.5525608340376085,0.42870821700911277,0.17235764704257478,0.025950932596093844
981,0.5728973816088639,0.5680979863993804,0.5715959095319423,0.5646852842622172,0.5537985661519553,0.42829270853492374,0.16997111833290474,0.024638397326767463
982,0.5743110160036626,0.5694649389998983,0.5729225014519128,0.5660872629865759,0.5550869242472056,0.4278513893733277,0.16756736265603833,0.023407047483047394
983,0.575747378858677,0.5708584256894245,0.574180377420174,0.5675105553491031,0.5563977705603529,0.42738553599045126,0.16514826424769719,0.022255257380622517
984,0.5771747774628504,0.5722475618943741,0.5753519724501613,0.5689203996120781,0.5576967081142492,0.4268964248524215,0.16271570734360313,0.021180252650360436
985,0.5785580292451908,0.5735980658019229,0.5764194320692619,0.5702782232277495,0.5589455472458544,0.4263853324253652,0.16027157617947782,0.020178540114290405
986,0.5798605243310437,0.5748742636972382,0.577365006723892,0.5715439019421659,0.560104550367805,0.425853535175409,0.15781775499104306,0.019246253671740696
987,0.5810461136084496,0.5760409223822188,0.5781717073305075,0.5726778368305381,0.5611344910866884,0.42530230956868,0.15535612801402052,0.018379366816175233
988,0.5820813107837558,0.5770653817867717,0.5788244790530734,0.5736433893210255,0.5619990616772258,0.4247329320713048,0.15288857948413195,0.017573795842577858
989,0.5829382327342367,0.5779203995319201,0.5793120444752204,0.5744101411001177,0.5626680917164826,0.42414667914940807,0.15041699363709676,0.01682544014528895
990,0.5835980657932573,0.5785875032013609,0.579629174694883,0.5749577401265094,0.5631213438473471,0.4235448272690191,0.14794325470853226,0.01613019499697196
991,0.5840540352685497,0.579059861946349,0.5797786565337365,0.5752791961204682,0.5633517658680597,0.42292865289439163,0.14546924693215593,0.015483954863755308
992,0.5843125923688577,0.5793434342590584,0.5797720805300429,0.5753821978271769,0.5633667906215399,0.42229943247159685,0.14299685452223,0.014882614141628876
993,0.5843922278414424,0.5794558207920295,0.5796290503271477,0.5752877962331548,0.5631870366305706,0.42165844232385,0.14052796156156017,0.014322067552354956
994,0.5843205047970911,0.5794233952156018,0.5793752045870395,0.5750271110696621,0.562843058186907,0.4210069581502629,0.13806445146515914,0.013798211531544102
995,0.5841306014403098,0.579277961419673,0.5790399040484553,0.5746374924656463,0.562371557969708,0.42034625309101803,0.13560820490997524,0.013306949544444741
996,0.5838583991453892,0.5790539388233846,0.5786542563951715,0.5741592852186294,0.5618121948425202,0.41967759162586893,0.13316109330626408,0.012844208847428248
997,0.583540353209901,0.5787863062714838,0.5782496045150425,0.5736334556891003,0.5612052440724052,0.4190022139474975,0.13072496207701995,0.012405983416045055
998,0.5832117547113511,0.5785089271543236,0.5778561750401412,0.5730996422623893,0.5605896776006092,0.41832130378431365,0.12830159622824602,0.011988422339229862
999,0.5829049119611748,0.5782528004760409,0.5775015513010029,0.5725941037555755,0.5600011461463255,0.41763593602979276,0.12589266431214127,0.011587973687103667
1000,0.5826471855827225,0.5780441727064376,0.5772089719766307,0.5721474972936031,0.559469794632383,0.4169470116548999,0.12349964878314099,0.011201563313493292
1001,0.5824593445074093,0.577902958385478,0.5769958952844536,0.5717830178158407,0.5590184333822812,0.41625520121101256,0.12112378554582344,0.010826750059436743
1002,0.582354911869251,0.5778421117554362,0.5768734266641312,0.5715156577253693,0.5586618104014758,0.41556092217827534,0.11876603971756136,0.01046178797967038
1003,0.5823408127819278,0.5778682490092355,0.5768468868814096,0.5713529402159949,0.5584073321652082,0.41486436161724505,0.11642712986587045,0.010105564116141753
1004,0.5824189920566232,0.5779832022675875,0.5769172303415437,0.571296750591644,0.5582568636329491,0.4141655326659681,0.11410758846050276,0.009757443294504231
1005,0.5825882779935005,0.5781858099346809,0.5770826791243042,0.5713454461485306,0.5582088020642209,0.41346433962755674,0.11180783151740611,0.009417089321597481
1006,0.5828458820264735,0.5784733572550427,0.5773400377611881,0.5714955538294539,0.5582597456531904,0.41276063034085103,0.1095282146355372,0.009084321117645441
1007,0.5831883201240756,0.5788424614100391,0.5776855010512851,0.5717428132842408,0.5584055187590387,0.4120542283576193,0.10726906742659144,0.008759024322051105
1008,0.5836118602616459,0.5792895013590893,0.5781150463716658,0.5720826834250927,0.5586416698022509,0.4113449485692011,0.1050307102355715,0.008441108365340412
1009,0.5841126971390436,0.5798107856732799,0.5786245868569007,0.5725105402136126,0.55896366567067,0.41063260330800655,0.10281346066941567,0.008130489707691622
1010,0.5846870075847996,0.5804026057565228,0.579210019973307,0.5730217393803869,0.5593669533669521,0.40991700428234235,0.10061763566726922,0.007827086523761384
1011,0.585330964909436,0.5810612496333337,0.5798672401028726,0.5736116326734837,0.5598469759793119,0.4091979630776593,0.098443552036821,0.0075308173257050744
1012,0.5860407419028143,0.5817830048280838,0.5805921411711092,0.5742755712515641,0.5603991760166325,0.40847529126122567,0.09629152656630446,0.007241600675627381
1013,0.5868125113039548,0.5825641588163057,0.5813806170589544,0.5750089062157349,0.5610189959312265,0.4077488003985341,0.09416187604205331,0.006959355140510425
1014,0.5876424458491462,0.5834009990709079,0.582228561644951,0.5758069886640099,0.5617018781723668,0.407018302054982,0.09205491725029918,0.006683999287598432
1015,0.5885267182746139,0.5842898130647385,0.5831318688075862,0.5766651696943326,0.5624432651892566,0.4062836077959645,0.08997096697727133,0.006415451684141633
1016,0.5894615013165838,0.5852268882706457,0.5840864324253482,0.5775788004046458,0.5632385994310987,0.40554452918687667,0.087910342009199,0.0061536308973902595
1017,0.5904429677112817,0.5862085121614777,0.5850881463767243,0.578543231892893,0.5640833233470961,0.40480087779311374,0.08587335913231148,0.005898455494594539
1018,0.5914672901949332,0.5872309722100826,0.5861329045402024,0.5795538152570171,0.5649728793864522,0.4040524651800709,0.08386033513283804,0.005649844043004704
1019,0.5925306415037683,0.5882905558893133,0.5872166007942748,0.5806059015949676,0.5659027099983762,0.403299102913143,0.08187158679700794,0.005407715109870985
1020,0.593629194374206,0.5893835506722137,0.5883351290176535,0.5816948420049659,0.5668682576323444,0.4025406025577255,0.07990743091105049,0.005171987262443611
1021,0.5947591215461737,0.590506244035393,0.5894843830931253,0.5828159875902938,0.567864964742807,0.40177677567921344,0.07796818426119488,0.004942579067972814
1022,0.5959165957955364,0.5916549234919694,0.5906602569452108,0.5839646895060606,0.5688882738351502,0.40100743384300197,0.07605416363367044,0.0047194090937088245
1023,0.5970977901409783,0.5928258768017445,0.5918586447804188,0.585136299257559,0.5699336277589242,0.4002323886144861,0.07416568581470645,0.0045023959069018715
1024,0.5982988788346977,0.5940153929776621,0.5930754422377449,0.5863261701290021,0.5709964711120169,0.3994514515590612,0.07230306759053214,0.004291458074802187
1025,0.5995160411865064,0.5952197661707626,0.5943065508296244,0.5875296626984771,0.5720722556607998,0.3986644342421223,0.0704666257473768,0.00408651416466
1026,0.6007454736231835,0.5964353079214348,0.5955478919465328,0.5887421622294244,0.5731564574326247,0.39787114822906455,0.06865667707146969,0.003887482743725544
1027,0.6019834205738634,0.5976583785362852,0.5967954427243849,0.5899591232122199,0.5742446204916787,0.39707140508528305,0.06687353834904008,0.003694282379249047
1028,0.6032262380668945,0.5988854516970112,0.5980453098999642,0.5911761610808286,0.5753324470789127,0.39626501637617295,0.06511752636631726,0.0035068316384807394
1029,0.6044704972382068,0.6001132196159005,0.5992938500158449,0.5923892014881282,0.5764159443211297,0.39545179366712946,0.06338895790953047,0.0033250490886708524
1030,0.6057131129741175,0.6013387237257253,0.6005378188140897,0.5935946658290305,0.5774916065647269,0.39463154852354765,0.06168814976490901,0.003148853297069616
1031,0.606951455575381,0.6025594681207055,0.6017745009124162,0.5947896322775803,0.5785565736443603,0.3938040925108227,0.06001541871868212,0.0029781628309272614
1032,0.6081833955271957,0.603773465038939,0.6030017617958867,0.595971900352332,0.5796086943383607,0.39296923719434973,0.05837108155707908,0.0028128962574940184
1033,0.6094072587291977,0.6049791893799714,0.6042179958252187,0.5971399263509725,0.5806464629133177,0.39212679413952395,0.05675545506632917,0.002652972144020118
1034,0.610621714831409,0.606175465263833,0.6054219965606182,0.5982926623132233,0.5816688608554149,0.3912765749117404,0.05516885603266164,0.0024983090577557912
1035,0.6118256485914346,0.6073613353411442,0.6066128073680814,0.5994293704977183,0.5826751745366888,0.3904183910763943,0.05361160124230578,0.0023488255659512665
1036,0.6130180563660927,0.6085359556376164,0.607789601214474,0.6005494741066804,0.5836648485059386,0.3895520541988807,0.05208400748149085,0.0022044402358567766
1037,0.6141979825145576,0.6096985309451786,0.6089516068121001,0.6016524655692685,0.5846373953487993,0.38867737584459494,0.05058639153644612,0.0020650716347225505
1038,0.6153644885129697,0.6108482834451083,0.610098072751305,0.6027378619999945,0.5855923519118866,0.3877941675789319,0.04911907019340085,0.0019306383297988203
1039,0.6165166408950864,0.6119844404567817,0.6112282534958746,0.6038051878072457,0.5865292622103004,0.3869022409672873,0.04768236023858288,0.0018010588883358148
1040,0.617653507428279,0.6131062305528012,0.6123414049421725,0.6048539691783974,0.5874476720075441,0.3860014075750807,0.04627657845815704,0.001676251877583765
1041,0.6187741561246116,0.6142128825540301,0.6134367832702201,0.6058837326522746,0.5883471274124907,0.38509147896817075,0.04490204163711603,0.001556135864792902
1042,0.6198776550512686,0.6153036253339862,0.6145136447188797,0.6068940048324807,0.5892271745973038,0.38417226671691745,0.04355906654844873,0.0014406294172134558
1043,0.6209630724085603,0.6163776878788483,0.6155712456466764,0.6078843124151991,0.5900873598225957,0.3832435824220951,0.042247969884036396,0.0013296511020956566
1044,0.6220294770554327,0.6174342997291872,0.6166088429995356,0.6088541825414746,0.590927229773297,0.38230523783897974,0.040969067923737175,0.0012231194866897358
1045,0.6230759405505819,0.6184726926978955,0.617625696130929,0.6098031441752538,0.5917463328730224,0.38135704535633225,0.039722675258044515,0.001120953138245923
1046,0.6241015435897109,0.6194921062882861,0.6186210725424,0.6107307324498799,0.5925442234297633,0.38039881950687554,0.03850910075997381,0.0010230706240144487
1047,0.6251053924920966,0.620491801570477,0.6195942625857233,0.6116364997999857,0.5933204722534968,0.3794303808358025,0.03732863726860024,0.0009293905112455442
1048,0.6260866531484819,0.6214710897545954,0.6205446097364803,0.6125200388834442,0.5940746885191619,0.37845156386651324,0.03618154034618046,0.0008398313671894393
1049,0.6270446062736614,0.6224293786956783,0.6214715598664362,0.6133810198884595,0.5948065553501976,0.377462230065415,0.03506799370387027,0.0007543117590963649
1050,0.627978716075788,0.6233662306911347,0.6223747224804889,0.6142192368997579,0.5955158740426556,0.3764622839549012,0.03398806623193767,0.0006727502542165511
1051,0.6288886898624467,0.6242814126498859,0.6232539238713406,0.6150346481451967,0.5962026024524534,0.37545168709968,0.032941674701286464,0.0005950654198002286
1052,0.6297745019388075,0.6251749162069182,0.6241092284310552,0.6158273921320316,0.5968668703861599,0.37443046371438066,0.03192856880919891,0.000521175823097628
1053,0.6306363697094732,0.6260469376087303,0.6249409173395009,0.6165977715106503,0.5975089642102098,0.3733986950559469,0.030948346133593076,0.0004510000313589795
1054,0.6314746940724038,0.6268978275441924,0.6257494354096786,0.6173462128279613,0.5981292884636507,0.37235650543730897,0.030000489431499217,0.00038445661183451386
1055,0.6322899907496119,0.6277280333470853,0.6265353298507734,0.6180732201612051,0.5987283216340296,0.37130404611440393,0.029084409608846742,0.00032146413177446144
1056,0.6330828350345756,0.6285380524911982,0.6272992009957763,0.6187793378108623,0.599306580573856,0.3702414823213765,0.02819948029474653,0.0002619411584290527
1057,0.6338538278443475,0.6293284040171261,0.6280416720279101,0.6194651273787026,0.599864598637625,0.36916898530484077,0.02734505908436926,0.00020580625904851831
1058,0.6346035792329863,0.6300996146558837,0.6287633742784691,0.6201311566358931,0.6004029150642081,0.3680867284553733,0.026520497855407527,0.0001529780008830886
1059,0.6353327019542969,0.6308522134108033,0.6294649414862894,0.6207779951764957,0.6009220708311549,0.36699488579703543,0.02572514679618927,0.00010337495118299415
1060,0.6360418094205313,0.631586729839418,0.6301470079773879,0.6214062130391624,0.6014226073400666,0.3658936315083902,0.02495835568301928,5.6915677198465374e-05
1061,0.6367315151735585,0.6323036936083565,0.630810208193369,0.6220163803500637,0.6019050660760183,0.3647831397984149,0.024219474211094744,1.3518746179732801e-05
1062,0.6374024327744304,0.6330036344003933,0.6314551765929443,0.6226090672483227,0.6023699885364406,0.36366358488058814,0.023507852063609027,-2.689727462297308e-05
1063,0.638055175786072,0.6336870818998799,0.6320825476364957,0.6231848438743273,0.6028179162199696,0.3625351409688278,0.022822838922583348,-6.441381795942177e-05
1064,0.6386903577715091,0.6343545657912519,0.6326929557844947,0.6237442803685331,0.6032493906253065,0.36139798227707554,0.022163784469975956,-9.911231657938278e-05
1065,0.6393085922937696,0.6350066157589476,0.6332870354974152,0.624287946871398,0.6036649532511538,0.3602522830192736,0.02153003838774363,-0.0001310742032326256
1066,0.6399104929158819,0.6356437614874046,0.6338654212357308,0.624816413523379,0.6040651455962145,0.3590982174093642,0.020920950357843172,-0.00016038091066891973
1067,0.6404966732008737,0.636266532661061,0.6344287474599153,0.6253302504649338,0.6044505091591912,0.3579359596612894,0.020335870062231375,-0.00018711387163803474
1068,0.6410677467117734,0.6368754589643546,0.6349776486304421,0.6258300278365199,0.6048215854387864,0.35676568398899144,0.01977414718286503,-0.00021135451888974006
1069,0.641624327011609,0.6374710700817234,0.6355127592077856,0.6263163157785945,0.6051789159337029,0.3555875646064126,0.01923513140170092,-0.00023318428517380527
1070,0.6421670276634084,0.6380538956976054,0.636034713652419,0.626789684431615,0.6055230421426434,0.3544017757274949,0.018718172400695857,-0.0002526846032399998
1071,0.6426964622301998,0.6386244654964384,0.6365441464248162,0.6272507039360389,0.6058545055643105,0.3532084915661806,0.018222619861806615,-0.0002699369058380933
1072,0.6432132442750114,0.6391833091626602,0.6370416919854507,0.6276999444323237,0.6061738476974069,0.352007886336412,0.017747823466990005,-0.00028502262571785514
1073,0.643717987360871,0.6397309563807092,0.6375279847947963,0.6281379760609267,0.6064816100406353,0.3508001342521312,0.017293132898202803,-0.00029802319562905486
1074,0.6442113050508068,0.6402679368350227,0.638003659313327,0.6285653689623054,0.6067783340926984,0.3495854095272803,0.01685789783740181,-0.0003090200483214621
1075,0.644693810907847,0.6407947802100391,0.6384693500015164,0.6289826932769174,0.6070645613522987,0.3483638863758015,0.016441467966543825,-0.0003180946165448461
1076,0.6451661184950194,0.641312016190196,0.638925691319838,0.6293905191452196,0.6073408333181392,0.34713573901163713,0.016043192967585627,-0.00032532833304897647
1077,0.6456288413753524,0.6418201744599316,0.6393733177287655,0.62978941670767,0.6076076914889221,0.3459011416487293,0.015662422522484017,-0.0003308026305836229
1078,0.6460825931118737,0.6423197847036834,0.6398128636887729,0.6301799561047257,0.6078656773633506,0.34466026850102016,0.015298506313195785,-0.0003345989418985547
1079,0.6465279872676116,0.6428113766058898,0.6402449636603338,0.6305627074768441,0.6081153324401272,0.34341329378245194,0.014950794021677725,-0.0003367986997435415
1080,0.6469656374055941,0.6432954798509884,0.6406702521039218,0.6309382409644828,0.6083571982179543,0.34216039170696677,0.014618635329886633,-0.0003374833368683526
1081,0.6473961570888493,0.6437726241234173,0.6410893634800108,0.6313071267080992,0.6085918161955348,0.34090173648850686,0.014301379919779297,-0.00033673428602275777
1082,0.6478201598804054,0.6442433391076143,0.6415029322490744,0.6316699348481506,0.6088197278715715,0.33963750234101453,0.013998377473312514,-0.00033463297995652637
1083,0.6482382593432902,0.6447081544880175,0.6419115928715863,0.6320272355250945,0.6090414747447668,0.33836786347843173,0.01370897767244307,-0.000331260851419428
1084,0.648651069040532,0.6451675999490645,0.6423159798080202,0.6323795988793883,0.6092575983138235,0.33709299411470084,0.013432530199127766,-0.00032669933316123207
1085,0.6490592025351587,0.6456222051751934,0.6427167275188501,0.6327275950514896,0.6094686400774443,0.3358130684637639,0.01316838473532339,-0.0003210298579317081
1086,0.6494632733901986,0.6460724998508424,0.6431144704645494,0.6330717941818553,0.6096751415343319,0.3345282607395632,0.012915890962986735,-0.00031433385848062565
1087,0.6498638951686795,0.6465190136604488,0.6435098431055919,0.6334127664109435,0.6098776441831889,0.3332387451560409,0.012674398564074596,-0.00030669276755775424
1088,0.6502616814336295,0.6469622762884512,0.6439034799024514,0.6337510818792111,0.6100766895227179,0.3319446959271392,0.012443257220543767,-0.0002981880179128632
1089,0.6506572457480708,0.6474028174192802,0.6442960153155941,0.6340873107271092,0.6102728190516157,0.3306462872668006,0.012221816614351991,-0.0002889010422955989
1090,0.6510512016747589,0.6478411667370729,0.6446880838051614,0.6344220230947941,0.6104665742683103,0.32934369338898173,0.012009426427498672,-0.0002789132734502269
1091,0.6514441627714953,0.6482778539204892,0.6450803198252513,0.6347557891169501,0.6106584966662394,0.3280370885079034,0.011805436342758324,-0.0002683061440208821
1092,0.6518367425453419,0.6487134085920998,0.6454733577680676,0.6350891788722188,0.6108491276877288,0.3267266468404899,0.011609196050843377,-0.0002571610856262753
1093,0.652229554160527,0.6491483599954905,0.6458678316076106,0.6354227620605721,0.6110390084297551,0.32541254262193403,0.011420055296101296,-0.0002455595229565041
1094,0.6526232090396971,0.6495832354490215,0.6462643731934219,0.6357571064583573,0.6112286782349319,0.3240949501802308,0.011237364095343153,-0.00023358284550462362
1095,0.6530183114647184,0.6500185543773009,0.6466636056644031,0.6360927719547327,0.6114186692526891,0.32277404422388045,0.011060473582527042,-0.00022131229844984078
1096,0.6534154415502329,0.6504548094893583,0.6470661226792069,0.6364302917454918,0.6116094892878791,0.3214500007491631,0.010888738672478273,-0.00020882863855624075
1097,0.6538151116369755,0.6508924185737802,0.6474724352228766,0.6367701241682813,0.6118015778740813,0.3201229993637739,0.010721524882983514,-0.0001962112528898042
1098,0.6542176765001917,0.6513316252389016,0.6478828620751009,0.6371125535253247,0.6119952158230766,0.31879322807147736,0.010558222382330867,-0.0001835363441471699
1099,0.6546231872075058,0.6517723373604668,0.6482973515395778,0.6374575286654127,0.6121903780102358,0.31746089105946806,0.0103982688526719,-0.00017087397715023327
1100,0.6550312094898076,0.6522139263003226,0.6487152598847875,0.6378044623695444,0.6123865504125036,0.3161262183766993,0.010241177905182496,-0.00015828440815541836
1101,0.6554406660842176,0.6526550526249681,0.6491351590269666,0.6381520572143895,0.6125825712943818,0.3147894743348304,0.010086563744886257,-0.00014581489863421218
1102,0.6558497735238931,0.6530935962300549,0.6495547594235188,0.6384982357548894,0.6127765675338626,0.3134509608764585,0.009934151059640689,-0.0001334984378068844
1103,0.6562561053482221,0.6535267262158868,0.6499709871796047,0.638840210341656,0.6129660182964944,0.3121110142068868,0.009783765131151017,-0.00012135502010876762
1104,0.6566567497598577,0.6539510751688702,0.6503801763651664,0.6391746572575099,0.6131479138494004,0.31076999639317715,0.009635307170146778,-0.000109394831409723
1105,0.6570484912538324,0.6543629399428211,0.6507782905741557,0.6394979173318387,0.6133189385232936,0.3094282856858217,0.00948872590122098,-9.762191970486852e-05
1106,0.6574279567596887,0.6547584432113034,0.65116110119517,0.6398061573586074,0.613475617927088,0.3080862687313817,0.009343994699468058,-8.603714861998011e-05
1107,0.6577917054330626,0.655133632727438,0.6515242969431971,0.6400954692736328,0.613614409398425,0.30674433578783344,0.009201097542943813,-7.464001208272927e-05
1108,0.6581362722623656,0.6554845295287677,0.6518635370529753,0.6403619183193681,0.6137317459303685,0.3054028784009332,0.009060022190571258,-6.342951560566567e-05
1109,0.6584581850952476,0.6558071467591151,0.6521744720486371,0.640601561851107,0.6138240533228252,0.3040622884969425,0.008920757518420426,-5.240452038749098e-05
1110,0.6587539700385949,0.6560974956384664,0.6524527503312976,0.6408104553018128,0.6138877556225162,0.302722958094925,0.008783292675024963,-4.1563852429864036e-05
1111,0.6590201528716807,0.6563515870336901,0.6526940199107074,0.6409846537498742,0.6139192765527082,0.3013852792322129,0.008647616862553546,-3.0906330805830935e-05
1112,0.6592532594789173,0.6565654320204591,0.652893929009576,0.6411202124643858,0.613915040009784,0.3000496439488419,0.008513719291112762,-2.043077356301319e-05
1113,0.659449816793002,0.6567350434588131,0.6530481277016992,0.6412131883762067,0.6138714714002063,0.29871644428511185,0.008381589171584323,-1.0135998648901987e-05
1114,0.6596063570967758,0.6568564433008206,0.6531522754946881,0.6412596468853937,0.6137850038266548,0.2973860722813366,0.00825121571489159,-2.082400560778384e-08
1115,0.6597194346106634,0.6569256907786147,0.6532020705777207,0.6412556881183473,0.613652101948704,0.2960589199778307,0.008122588131958871,9.915932424882279e-06
1116,0.6597856778005649,0.6569389712948259,0.6531933420537156,0.6411975297291693,0.6134693372269548,0.2947353794149082,0.007995695633710484,1.9675452700581056e-05
1117,0.6598019233443766,0.6568928240812049,0.6531222861565325,0.6410817189634563,0.6132335806319078,0.29341584263288345,0.007870527431070745,2.925891887950141e-05
1118,0.6597654919857143,0.656784610976028,0.6529859526515547,0.6409055693240164,0.6129423994554923,0.29210070167207086,0.007747072734963967,3.866751301965619e-05
1119,0.6596746375052966,0.6566132793923458,0.6527830364869005,0.6406678712750802,0.6125947031497818,0.2907903485727847,0.0076253207563144665,4.790241717905824e-05
1120,0.6595291047137959,0.656380310552472,0.6525148616757892,0.6403697755218987,0.6121915459902505,0.28948517537533913,0.007505260706046554,5.6964813415720426e-05
1121,0.6593306137975523,0.6560905425424008,0.6521862352933695,0.6400155596861484,0.6117368237772016,0.2881855741200486,0.0073868817950845465,6.58558837876556e-05
1122,0.6590830544979457,0.6557525000215894,0.6518057895872148,0.6396129354399098,0.6112375529375523,0.2868919368472273,0.007270173234352759,7.457681035287662e-05
1123,0.6587922918421105,0.655378062347765,0.6513856376615577,0.6391727394256208,0.6107035896525358,0.2856046555971896,0.007155124234775505,8.312877516939633e-05
1124,0.6584656814237551,0.6549816315281345,0.6509405103205249,0.6387081584973697,0.610146925802171,0.28432412241024985,0.007041724007277098,9.151296029522763e-05
1125,0.6581115099734637,0.6545791493807128,0.6504867369446137,0.638233815342298,0.6095808580084587,0.28305072932672226,0.006929961762781855,9.973054778838332e-05
1126,0.6577385418564169,0.6541872254465576,0.6500413427113474,0.6377649597099739,0.6090192525768681,0.2817848683869212,0.006819826712214088,0.0001077827197068763
1127,0.6573557316145235,0.6538223887448078,0.649621277582847,0.6373167805873873,0.6084759201827081,0.2805269316311609,0.0067113080664981135,0.00011567065810871936
1128,0.6569720661055246,0.6535002846556219,0.6492425940374564,0.636903676966952,0.6079639526480245,0.27927731109975573,0.006604395036558245,0.00012339554505192543
1129,0.6565964733052758,0.6532346494305603,0.6489194009979593,0.6365383333174346,0.6074948819023823,0.27803639883301984,0.006499076833318797,0.0001309585625945073
1130,0.6562377573853317,0.6530361179758286,0.6486626491283043,0.6362306472067317,0.6070777043730722,0.2768045868712677,0.006395342667704085,0.00013836089279447788
1131,0.6559045524250138,0.6529112061536183,0.6484790942615763,0.6359868144500682,0.6067180486696963,0.2755822672548135,0.006293181750638421,0.00014560371770985
1132,0.65560530433428,0.6528619041541621,0.6483708832578011,0.6358089636208382,0.6064178430674538,0.27436983202397164,0.006192583293046122,0.00015268821939863652
1133,0.6553482852438831,0.6528860813597017,0.6483359663158478,0.6356955198966211,0.6061756465306813,0.27316767321905633,0.006093536505851502,0.0001596155799188503
1134,0.6551416244788781,0.6529784967161905,0.6483691259430534,0.63564211308593,0.6059874748261311,0.2719761828803819,0.005996030599978875,0.00016638698132850416
1135,0.6549933145616439,0.6531319627609444,0.6484631624096544,0.6356426237473101,0.6058477522712016,0.27079575304826264,0.005900054786352556,0.00017300360568561106
1136,0.6549111166153974,0.6533382822218015,0.6486098475883683,0.6356900249170285,0.6057500775290012,0.26962677576301297,0.0058055982758968595,0.00017946663504818372
1137,0.6549022423849169,0.6535888234755616,0.6488005110055697,0.6357768992772797,0.6056876941225787,0.268469643064947,0.0057126502795361,0.00018577725147423505
1138,0.6549726618803281,0.6538748000155397,0.6490263244531354,0.6358956903154735,0.605653718937022,0.26732474699437914,0.0056212000081945915,0.0001919366370217779
1139,0.6551259621629266,0.6541873795710689,0.6492784131165602,0.6360388003906328,0.605641231439242,0.2661924795916226,0.005531236672796648,0.00019794597374882516
1140,0.6553619248233244,0.6545177187109144,0.6495478908153498,0.6361986218316658,0.6056433019708617,0.2650732328969465,0.005442749484266585,0.00020380644371338966
1141,0.6556752903720644,0.6548569718238597,0.6498258691491823,0.6363675450075448,0.6056529990904788,0.2639673989497976,0.005355727653528718,0.00020951922897348427
1142,0.6560552631405074,0.6551962931494613,0.6501034595686626,0.6365379601452272,0.6056633912285501,0.26287536978120074,0.005270160391507359,0.00021508551158712185
1143,0.6564860093265279,0.6555268380843831,0.6503717747224003,0.6367022584581681,0.6056675477202211,0.2617975373652747,0.005186036909126825,0.0002205064736123152
1144,0.6569479048429919,0.6558397680629435,0.6506219335073489,0.6368528363146158,0.605658542626905,0.26073429338706067,0.005103346417311428,0.00022578329710707724
1145,0.6574190049272507,0.6561262692818233,0.65084508044682,0.6369821112246001,0.6056294693942035,0.2596860283463297,0.005022078126985485,0.00023091716412942075
1146,0.6578763338397025,0.6563776117434608,0.6510324467939848,0.6370825722504156,0.6055734870715854,0.2586531287314313,0.004942221249073309,0.00023590925673735866
1147,0.6582969575054777,0.6565853004728851,0.6511755070248807,0.6371469091135862,0.6054839386862221,0.25763596978119363,0.0048637649944992135,0.0002407607569889038
1148,0.6586590845487823,0.656741386891978,0.6512663010769657,0.6371682780421566,0.6053545949894334,0.2566349005807755,0.004786698574187516,0.000245472846942069
1149,0.6589434353667046,0.6568389756030413,0.65129795881509,0.6371407344559066,0.6051800511712173,0.2556502198041145,0.004711011199062528,0.0002500467086548672
1150,0.6591348200778575,0.6568728542321486,0.6512653518509846,0.6370597707184067,0.6049562199070344,0.2546821455660324,0.004636692080048566,0.00025448352418531105
1151,0.6592234824310574,0.6568400401434555,0.6511656593332151,0.6369227829145808,0.6046807593304656,0.2537307892533709,0.004563730428069944,0.0002587844755914137
1152,0.6592056365184081,0.6567399996359948,0.6509985947920686,0.6367292579980766,0.6043532446223457,0.25279614503298187,0.004492115454050976,0.0002629507449311878
1153,0.659082932711171,0.6565744287468815,0.6507661792946662,0.6364805866438946,0.6039749964216299,0.2518781003437371,0.004421836368915978,0.00026698351426264624
1154,0.6588611247539353,0.6563467065370027,0.6504721756550105,0.6361795964708268,0.6035486528527356,0.2509764620653925,0.004352882383589262,0.0002708839656438019
1155,0.6585485341473942,0.6560612652476647,0.6501214366144958,0.6358300142893993,0.6030776764787591,0.2500909866664828,0.004285242708995145,0.00027465328113266763
1156,0.6581548145608342,0.6557230835170269,0.6497193803759376,0.6354360334166599,0.6025659575869442,0.2492214044618734,0.004218906556057939,0.0002782926427872563
1157,0.6576901926714447,0.6553373750058397,0.6492716683650166,0.6350020478288854,0.6020175704422384,0.2483674345169084,0.004153863135701961,0.0002818032326655807
1158,0.6571650994829912,0.6549094371806108,0.6487840487372742,0.6345325230546173,0.6014366549134551,0.24752879188551014,0.004090101658851524,0.00028518623282565377
1159,0.6565900263723579,0.654444592270254,0.648262295274649,0.6340319457642138,0.6008273702536291,0.24670519043633124,0.004027611336430943,0.0002884428253254883
1160,0.6559754794400192,0.6539481685432414,0.6477121880091614,0.6335048077843599,0.6001938804434577,0.2458963437489462,0.003966381379364533,0.0002915741922230972
1161,0.6553319676672202,0.6534254954605851,0.647139508203174,0.6329556019567746,0.599540350394289,0.24510196534602385,0.003906400998576607,0.0002945815155764934
1162,0.6546700002820259,0.6528819026969261,0.6465500373011384,0.6323888212734005,0.5988709451552057,0.24432176874181097,0.0038476594049914807,0.0002974659774436896
1163,0.654000085323547,0.6523227201986816,0.6459495567652862,0.6318089587408491,0.5981898297887402,0.24355546744973205,0.003790145809533468,0.0003002287598826987
1164,0.6533327245805189,0.6517532792065195,0.6453438480588052,0.6312205073665202,0.5975011693581478,0.2428027749831674,0.0037338494231268842,0.0003028710449515335
1165,0.6526783942048981,0.6511789162639932,0.6447386926449044,0.6306279601578317,0.5968091289267001,0.24206340485549616,0.003678759456696043,0.000305394014708207
1166,0.6520474835834715,0.6506049858616454,0.6441398719867932,0.6300358101222019,0.5961178735576687,0.24133707058009762,0.00362486512116526,0.00030779885121073197
1167,0.6514501387811387,0.6500368928200695,0.643553167547681,0.6294485502670482,0.5954315683143254,0.24062348567035108,0.0035721556274588475,0.0003100867365171212
1168,0.6508959401711667,0.6494801589706555,0.642984360790777,0.6288706735997882,0.5947543782599418,0.2399223636396357,0.0035206201865011226,0.0003122588526853876
1169,0.6503933777556927,0.6489405316831647,0.6424392331792532,0.6283066731278187,0.5940904684577695,0.2392334180013308,0.0034702480092163985,0.0003143163817735442
1170,0.6499491990806303,0.6484241187446026,0.6419235661746575,0.6277610418575805,0.5934440039701744,0.23855636226881563,0.0034210283065289897,0.00031626050583960356
1171,0.6495678432111592,0.647937505402358,0.6414431412083048,0.6272382727777481,0.5928191498430493,0.23789090995546938,0.003372950289363211,0.00031809240694157876
1172,0.649251213753355,0.6474878009570848,0.6410037394019064,0.6267428586950479,0.5922200709535828,0.23723677457467135,0.003326003168643377,0.0003198132671374825
1173,0.6489989055290197,0.6470825896010914,0.6406111397852312,0.6262792911868138,0.5916509310390605,0.23659366963980083,0.003280176155293802,0.0003214242684853278
1174,0.6488087693393951,0.6467298027055792,0.6402711107610781,0.6258520555851247,0.5911158880461128,0.23596130866423692,0.0032354584602388003,0.00032292659304312727
1175,0.6486775591995686,0.6464375428923786,0.639989377159863,0.6254656116154498,0.5906190761786984,0.235339405161359,0.003191839294402687,0.00032432142286889395
1176,0.6486014417219994,0.6462138460627822,0.6397715163458308,0.625124332340369,0.5901645492861898,0.23472767264454628,0.0031493078687097756,0.00032560994002064073
1177,0.6485762793115328,0.6460662831969608,0.639622692133101,0.6248323477874091,0.58975613587374,0.23412582462717801,0.0031078533940843813,0.0003267933265563804
1178,0.6485977060564745,0.6460012453303459,0.6395471068857206,0.6245932229593139,0.589397140550598,0.23353357462263347,0.0030674650814508184,0.0003278727645341257
1179,0.6486610575679095,0.6460228198638942,0.6395471097718947,0.6244094337730554,0.5890898581161934,0.23295063614429184,0.003028132141733402,0.00032884943601188977
1180,0.6487612271946106,0.6461314057206984,0.6396220884811067,0.6242817157436681,0.5888349696541098,0.23237672270553242,0.0029898437858564457,0.0003297245230476852
1181,0.6488925294112119,0.6463225137482549,0.6397675072371847,0.624208498631186,0.5886310183317967,0.23181154781973445,0.0029525892247442647,0.00033049920769952495
1182,0.6490486440810432,0.6465862862263902,0.6399745213078694,0.6241856797709223,0.5884741992304307,0.23125482500027716,0.002916357669321173,0.00033117467202542185
1183,0.6492226734063509,0.6469079791774823,0.6402303640621916,0.6242068507431899,0.5883585695150544,0.23070626776053982,0.0028811383305114863,0.0003317520980833888
1184,0.6494072835787397,0.6472691695161502,0.640519315465961,0.624263862726364,0.5882765726348645,0.23016558961390168,0.0028469204192395165,0.0003322326679314386
1185,0.6495948679494021,0.6476491689474058,0.6408238354051008,0.624347477813048,0.5882196422292381,0.22963250407374197,0.0028136931464295815,0.00033261756362758406
1186,0.6497776783181611,0.6480262392765735,0.6411255343930466,0.6244478930710629,0.5881786880416484,0.22910672465343995,0.002781445723005993,0.0003329079672298382
1187,0.6499479055991124,0.648378542082672,0.6414059237004437,0.6245550625331755,0.5881443944713491,0.2285879648663749,0.002750167359893067,0.0003331050607962137
1188,0.6500977189953563,0.6486850200920313,0.6416470978553002,0.6246588535692639,0.5881073655630076,0.22807593822592598,0.002719847268015118,0.0003332100263847235
1189,0.6502192812949971,0.6489264215476642,0.6418325162835276,0.6247491079426362,0.5880581816186559,0.22757035824547292,0.0026904746582964594,0.0003332240460533805
1190,0.6503047537230385,0.6490864534936336,0.6419478785759429,0.6248156611730475,0.5879874171512556,0.22707093843841103,0.002662038741661407,0.0003331483018601975
1191,0.6503462972239484,0.6491527578604869,0.6419818641880572,0.6248483475825618,0.5878856455633464,0.22657739231842966,0.002634528729034274,0.00033298397586318726
1192,0.6503360729777772,0.6491173008833435,0.641926427527951,0.6248370016359319,0.587743440390688,0.2260894334022281,0.0026079338313393756,0.00033273225012036287
1193,0.6502662440598994,0.6489759871325058,0.6417765061317072,0.624771459973662,0.5875513771926075,0.22560677522684325,0.0025822432595010267,0.00033239430668973694
1194,0.6501289831962264,0.6487276977527349,0.6415292945182911,0.6246415703782761,0.5873000418908665,0.22512913143262656,0.0025574462244435416,0.00033197132762932257
1195,0.6499165026824818,0.6483731922905487,0.6411834210716152,0.6244372263203609,0.5869800628985734,0.22465621608353617,0.0025335319370912344,0.0003314644949971323
1196,0.6496211487342978,0.6479142581118942,0.6407383308448984,0.6241484758970486,0.5865822124364247,0.22418774467718328,0.0025104896083684197,0.0003308749908511793
1197,0.6492356431286619,0.6473532741170014,0.6401940242226855,0.6237658008359537,0.5860976660152124,0.22372343673167663,0.0024883084491994123,0.00033020399724947624
1198,0.6487535807737004,0.6466931775595053,0.6395511740164285,0.6232806909989732,0.5855185367425686,0.22326302111225665,0.0024669776705085267,0.0003294526962500361
1199,0.6481702395385874,0.6459377403926948,0.6388115662273797,0.6226865794277319,0.5848387449448702,0.222806244700769,0.002446486483220077,0.0003286222699108715
1200,0.6474835867305051,0.6450920092389006,0.6379787209337993,0.6219800044415562,0.5840550989551934,0.22235288317030338,0.002426824098258378,0.00032771390028999564
1201,0.6466951527330729,0.6441627074230009,0.6370584464753194,0.6211616183574853,0.5831682332548992,0.22190275033775625,0.002407979726547745,0.0003267287694454211
1202,0.6458103812784013,0.6431583977995377,0.6360590628561649,0.6202365919212309,0.5821829846072482,0.2214557019135987,0.0023899425790124907,0.00032566805943516077
1203,0.644838279175038,0.6420893177979916,0.6349911765075414,0.6192142098762172,0.5811080159237849,0.22101163175210853,0.0023727018665769305,0.00032453295231722767
1204,0.643790542669539,0.6409669685519168,0.6338671184838426,0.6181068622435704,0.5799548781227544,0.22057046249880768,0.0023562468001653795,0.0003233246301496345
1205,0.6426805509695076,0.6398036409294567,0.6327002942610962,0.6169288822241437,0.5787369293411455,0.22013213481582317,0.0023405665907021513,0.0003220442749903941
1206,0.6415225564136866,0.6386120319724711,0.6315046505353287,0.6156956111530737,0.5774684653127877,0.21969659871241384,0.0023256504491115607,0.0003206930688975195
1207,0.6403311869021735,0.6374050034885153,0.6302943213807963,0.6144228239959793,0.5761641850616059,0.21926380821833613,0.002311487586317923,0.00031927219392902345
1208,0.6391212042549747,0.6361954529233056,0.6290834020981364,0.613126450345024,0.5748389314191131,0.21883371879699928,0.0022980672132455514,0.00031778283214291877
1209,0.6379074098618369,0.6349962436940101,0.6278857729858991,0.6118224654803754,0.5735075897081137,0.21840628633541953,0.0022853785408187615,0.0003162261655972183
1210,0.6367046147599011,0.6338201596523225,0.6267149363697733,0.6105268558216213,0.5721850556114407,0.21798146682392733,0.0022734107799618672,0.00031460337634993494
1211,0.6355276318231614,0.632679874068816,0.6255838867837854,0.6092556099157319,0.5708862267907179,0.21755921627319108,0.002262153141599183,0.00031291564645908156
1212,0.634391273562394,0.6315879373891538,0.6245050593845571,0.60802471595703,0.5696260005822344,0.21713949069688898,0.002251594836655024,0.00031116415798267095
1213,0.633310348161853,0.630556784685669,0.6234903765454167,0.6068501575952394,0.5684192701134915,0.2167222461089931,0.0022417250760537037,0.0003093500929787161
1214,0.6322996416892588,0.6295987467678154,0.6225513569416782,0.6057478952343951,0.5672809069833502,0.21630743852349144,0.002232533070719538,0.0003074746335052298
1215,0.631373849524776,0.6287260191375508,0.6216991987530349,0.6047337939603177,0.5662256945131368,0.21589502395437227,0.0022240080315768396,0.0003055389616202248
1216,0.6305473601259097,0.6279504901666944,0.6209447043534286,0.603823396264169,0.5652681172579724,0.21548495841562387,0.0022161391695499242,0.000303544259381714
1217,0.6298337012245927,0.627283251742653,0.6202978622438147,0.6030313399614127,0.5644218219211445,0.21507719792123456,0.002208915695563106,0.0003014917088477104
1218,0.6292443994781297,0.6267335671454926,0.6197668743667348,0.602370159614575,0.5636985073097711,0.21467169848519257,0.0022023268205406997,0.0002993824920762267
1219,0.628787124470776,0.6263071818474286,0.6193565302914492,0.601848335764354,0.563106117659443,0.21426841612148623,0.00219636175540702,0.0002972177911252758
1220,0.6284633820354817,0.6260042214039043,0.6190661741374327,0.6014678704683645,0.5626465972557742,0.2138673068441038,0.0021910097110863806,0.0002949987880528706
1221,0.6282665120764246,0.6258173662733034,0.6188879372827033,0.6012221828882445,0.5623139414637417,0.2134683266670336,0.002186259898503097,0.00029272666491702394
1222,0.6281808863862779,0.6257311205261213,0.6188060301174142,0.6010952661382425,0.5620934158535509,0.2130714316042639,0.002182101528581483,0.0002904026037757486
1223,0.6281827151377933,0.6257225473041409,0.6187974546751509,0.6010625349075558,0.5619623411999751,0.21267657766978304,0.002178523812245853,0.0002880277866870575
1224,0.628242066958761,0.625763111314602,0.6188337901379288,0.6010929484439156,0.5618920595877086,0.21228372087757927,0.002175515960420522,0.0002856033957089635
1225,0.6283252444675405,0.6258208475510744,0.6188832959850922,0.6011515064621311,0.5618502457123586,0.21189281724164089,0.0021730671840298047,0.00028313061289947936
1226,0.6283968574034197,0.6258622605455781,0.6189127587718213,0.6012014252121675,0.5618029214334639,0.21150382277595614,0.002171166693998015,0.0002806106203166181
1227,0.6284215190753637,0.6258538944576828,0.6188890307276846,0.6012059130733338,0.5617160982172648,0.2111166934945134,0.0021698037012494674,0.00027804460001839247
1228,0.6283655452433379,0.625763930168014,0.6187806131093609,0.6011299407849693,0.5615574124969034,0.21073138541130088,0.0021689674167084767,0.00027543373406281537
1229,0.628199034049238,0.6255641600245947,0.6185596280950494,0.6009424025201777,0.5612981204252281,0.21034785454030688,0.002168647051299358,0.00027277920450789956
1230,0.6278982508345168,0.6252322596056805,0.6182040927037762,0.6006185913286032,0.5609153821504869,0.20996605689551973,0.0021688318159464245,0.00027008219341165805
1231,0.6274476564453243,0.624753721577674,0.6176998557143567,0.6001423039735754,0.56039420395908,0.2095859484909277,0.002169510921573991,0.0002673438828321035
1232,0.6268407170380113,0.6241226279347137,0.6170413712294559,0.5995066812476999,0.5597282136262527,0.20920748534051908,0.0021706735791063732,0.000264565454827249
1233,0.626079098564681,0.6233408816713253,0.6162309289015587,0.5987133721674301,0.558918889242422,0.20883062345828218,0.0021723089994678847,0.00026174809145510723
1234,0.6251706562916208,0.6224162891746143,0.6152767327565005,0.5977704478695987,0.5579736344203376,0.20845531885820526,0.0021744063935828398,0.00025889297477369106
1235,0.6241271185545609,0.6213603509806997,0.6141906878404719,0.5966899982429754,0.5569035607699513,0.2080815275542766,0.0021769549723755534,0.00025600128684101346
1236,0.6229622230628911,0.6201864841742735,0.6129866193131337,0.5954861981310183,0.5557217036343219,0.2077092055604845,0.00217994394677034,0.00025307420971508704
1237,0.621690571821251,0.6189089302082674,0.6116791782357607,0.5941741191822281,0.5544419258150431,0.2073383088908173,0.0021833625276915136,0.0002501129254539249
1238,0.6203270750298358,0.6175422244937585,0.6102833101745531,0.5927691528331981,0.5530783851738097,0.20696879355926323,0.00218719992606339,0.0002471186161155399
1239,0.6188867339525059,0.6161009892987073,0.6088140477141526,0.591286785009475,0.5516453267548003,0.20660061557981063,0.002191445352810282,0.0002440924637579447
1240,0.6173845720614437,0.6145998680734299,0.6072864446608948,0.5897425246802719,0.5501570168639812,0.2062337309664477,0.002196088018856505,0.0002410356504391523
1241,0.6158356171745032,0.6130535084125979,0.6057155589720218,0.5881518853238503,0.5486277259677097,0.2058680957331628,0.0022011171351263735,0.00023794935821717556
1242,0.61425489748662,0.6114765582647639,0.6041164489474704,0.5865303808088904,0.5470717248926696,0.20550366589394425,0.002206521912544202,0.00023483476915002726
1243,0.6126574394317513,0.6098836638597995,0.6025041710852588,0.5848935231711361,0.5455032827750046,0.20514039746278026,0.002212291562034305,0.00023169306529572032
1244,0.6110582601805881,0.6082894623938484,0.6008937724262737,0.5832568148055797,0.5439366598589506,0.20477824645365916,0.0022184152945209966,0.0002285254287122676
1245,0.6094723389090168,0.6067085540100337,0.5993002612223302,0.5816357185641319,0.5423860799171591,0.20441716888056927,0.0022248823209285924,0.00022533304145768188
1246,0.6079145262032171,0.6051554134491535,0.5977385144474355,0.5800455634690066,0.540865643287769,0.20405712075749882,0.002231681852181406,0.00022211708558997605
1247,0.6063993120358878,0.6036441637771335,0.5962230409236784,0.57850130323405,0.5393891041525216,0.20369805809843616,0.0022388030992037517,0.000218878743167163
1248,0.6049403480004469,0.6021881104617148,0.5947674935679812,0.5770170190301328,0.5379694119247105,0.2033399369173695,0.0022462352729199445,0.00021561919624725554
1249,0.6035496697135008,0.6007989830494096,0.5933838755392971,0.5756051102007629,0.5366179648257288,0.2029827132282872,0.002253967584254299,0.00021233962688826656
1250,0.6022367303970935,0.599485992702566,0.5920815536183963,0.5742752884631144,0.5353436822112457,0.20262634304517751,0.002261989244131129,0.0002090412171482089
1251,0.6010075620123276,0.5982550141261579,0.5908664018054193,0.5730337048581018,0.5341521993351881,0.20227078238202875,0.00227028946347475,0.0002057251490850954
1252,0.5998644389286337,0.5971082575737624,0.5897404579583267,0.5718825997142806,0.5330455445025921,0.20191598725282922,0.0022788574532094756,0.0002023926047569389
1253,0.5988062142544998,0.596044596841582,0.5887022671544493,0.5708206526839469,0.5320224619167515,0.20156191367156717,0.0022876824242596214,0.00019904476622175233
1254,0.5978291587038526,0.5950603873416553,0.587747738092935,0.5698438557930624,0.5310792169152359,0.20120851765223088,0.0022967535875495003,0.00019568281553754846
1255,0.596927927013807,0.5941504085647924,0.5868711297149627,0.5689465192402265,0.5302105236437148,0.2008557552088087,0.0023060601540034285,0.0001923079347623402
1256,0.5960963355421969,0.5933086224036184,0.5860658450565449,0.5681220806810634,0.5294102914794094,0.20050358235528887,0.0023155913345457193,0.0001889213059541404
1257,0.5953278400333752,0.5925286390758855,0.5853249190017753,0.5673636024628288,0.5286720836431444,0.2001519551056597,0.0023253363401006875,0.00018552411117096193
1258,0.5946157676419888,0.591803943397022,0.5846412551569398,0.566664013103082,0.5279893399212309,0.19980082947390948,0.002335284381592648,0.00018211753247081758
1259,0.5939534075278008,0.5911279831293608,0.5840077183391785,0.5660162015762203,0.5273554636283213,0.1994501614740265,0.002345424669945915,0.00017870275191172026
1260,0.5933340395839146,0.5904941969982683,0.5834171639052556,0.5654130472123657,0.5267638491839102,0.19909990711999903,0.002355746416084803,0.00017528095155168281
1261,0.5927509418792702,0.5898960219501653,0.5828624453496398,0.5648474274431443,0.5262078892564606,0.19875002242581538,0.002366238830933627,0.00017185331344871812
1262,0.5921973922128352,0.5893268946681909,0.5823364158911832,0.5643122194192081,0.525680976255286,0.19840046340546383,0.002376891125416701,0.000168421019660839
1263,0.5916666683572149,0.5887802518097758,0.5818319287218245,0.5638003002637717,0.5251765025643946,0.1980511860729327,0.002387692510458339,0.00016498525224605833
1264,0.5911520480835974,0.5882495300309685,0.5813418370320561,0.5633045470985761,0.5246878605664345,0.19770214644221024,0.002398632196982856,0.0001615471932623889
1265,0.5906468091631392,0.5877281659877863,0.580858994012337,0.5628178370453284,0.5242084426440226,0.19735330052728475,0.0024096993959145667,0.00015810802476784366
1266,0.5901442293669957,0.5872095963362465,0.5803762528531269,0.5623330472257351,0.5237316411797757,0.1970046043421445,0.0024208833181777857,0.0001546689288204354
1267,0.5896375864663234,0.5866872577323663,0.5798864667448846,0.5618430547615034,0.5232508485563111,0.19665601390077786,0.0024321731746968275,0.00015123108747817698
1268,0.5891201582322778,0.5861545868321629,0.5793824888780698,0.5613407367743404,0.5227594571562457,0.196307485217173,0.0024435581763960065,0.00014779568279908132
1269,0.5885852224360383,0.5856050202916756,0.5788571724431673,0.5608189703859783,0.5222508593622204,0.1959589743053183,0.0024550275341996366,0.0001443638968411612
1270,0.5880260568497776,0.5850319947679066,0.5783033706317975,0.560270632719271,0.5217184475579136,0.19561043717920204,0.0024665704590320333,0.00014093691166242953
1271,0.5874359392641725,0.5844289469357782,0.5777139366566985,0.5596886009179317,0.5211556141463186,0.1952618298528125,0.0024781761618175102,0.00013751590932089912
1272,0.5868081476593935,0.5837893136537317,0.5770817239468767,0.5590657523392963,0.5205557517282251,0.19491310834013795,0.0024898338534803826,0.00013410207187458288
1273,0.5861359612959872,0.5831065330202105,0.5763995873926254,0.5583949657841114,0.5199122542409012,0.1945642286551667,0.0025015327449449645,0.0001306965813814936
1274,0.5854126659387525,0.5823740494328163,0.5756603893075083,0.5576691273855834,0.5192185224108616,0.194215146811887,0.0025132620471355707,0.00012730061989964418
1275,0.5846315740210277,0.5815853331167675,0.5748570224417593,0.5568811533412508,0.5184679848016902,0.19386581882428722,0.0025250109709765156,0.00012391536948704743
1276,0.5837860882330318,0.5807339417081497,0.573982482555337,0.5560240615982366,0.5176541641886134,0.19351620070635556,0.0025367687273921127,0.00012054201220171624
1277,0.5828698643789294,0.5798136779757095,0.573030054285876,0.5550911554474369,0.5167708475514337,0.19316624847208036,0.0025485245273066783,0.00011718173010166348
1278,0.581877146719777,0.5788189145896412,0.5719936938739063,0.5540764015667823,0.5158124361111103,0.1928159181354499,0.002560267581644526,0.00011383570524490198
1279,0.5808033137678137,0.5777451227056867,0.5708686520751395,0.5529750453133013,0.514774515038982,0.19246516571045252,0.002571987101329971,0.00011050511968944461
1280,0.5796455566133208,0.576589528902737,0.5696522483315062,0.5517843754235612,0.5136545615057004,0.19211394721107644,0.0025836722972873262,0.00010719115549330421
1281,0.5784034677234081,0.5753516854153939,0.5683445427642562,0.5505043877861294,0.5124525592792649,0.19176221865131,0.0025953123804409073,0.00010389499471449365
1282,0.5770792770119397,0.5740336987600498,0.5669486055993795,0.5491380515710576,0.5111712451387629,0.1914099360451414,0.0026068965617150283,0.0001006178194110258
1283,0.5756776157696089,0.5726400011088082,0.5654702477421849,0.5476910431003983,0.509815862460629,0.191057055406559,0.002618414052034005,9.736081164091347e-05
1284,0.57420492786515,0.5711767800569207,0.5639173487842009,0.5461710820757417,0.5083935466206114,0.1907035327495511,0.00262985406232215,9.412515346216954e-05
1285,0.5726687914184814,0.5696513216851877,0.5622990828321364,0.5445871668777772,0.506912616944837,0.19034932408810595,0.0026412058035037798,9.091202693280686e-05
1286,0.571077373006412,0.5680714819758563,0.5606252955955968,0.5429489592742278,0.5053820070005904,0.1899943854362119,0.0026524584865032065,8.772261411083826e-05
1287,0.5694390923196969,0.5664453620438356,0.5589061216618635,0.5412664063765896,0.5038109145597313,0.18963867280785712,0.002663601322244747,8.455809705427664e-05
1288,0.5677624593059722,0.564781150414901,0.5571517986279417,0.5395495570459437,0.5022086316057629,0.18928214221703005,0.002674623521652714,8.141965782113486e-05
1289,0.566056010594122,0.5630870614552683,0.5553725945391663,0.5378084902190767,0.500584477969845,0.1889247496810419,0.0026855142955753103,7.830847849355901e-05
1290,0.5643282898082336,0.5613713163256691,0.5535787853145038,0.5360532926045902,0.49894778068139684,0.1885664513455919,0.0026962628519201053,7.522574208610438e-05
1291,0.5625878496256208,0.5596421452695538,0.5517806554638816,0.5342940593099192,0.49730787458140213,0.18820720538955416,0.002706858352028941,7.217264637878752e-05
1292,0.5608433060900249,0.5579078424599824,0.5499885476548696,0.5325409421811853,0.4956741473303221,0.18784698652462228,0.002717289578631309,6.915050921253612e-05
1293,0.5591036127387337,0.5561770426126392,0.5482131140269153,0.5308043949705095,0.4940562676476411,0.18748585783007565,0.0027275432910580776,6.616129011619228e-05
1294,0.5573791232519872,0.5544597932828433,0.5464662903242065,0.5290961236456659,0.4924650700088747,0.18712424926269147,0.0027375978493548218,6.320961256188487e-05
1295,0.555684864968143,0.5527708582532542,0.5447642957983709,0.5274320129043994,0.490915279127492,0.18676381648369333,0.0027474035578532187,6.030899930995255e-05
1296,0.5540482107668394,0.5511374600603547,0.5431346599778678,0.5258389809454826,0.4894318916059215,0.1864094572394734,0.002756836533851733,5.749650957164198e-05
1297,0.5525216693447967,0.549612190311709,0.5416279235808772,0.5243663936191864,0.48806080263399426,0.18607268593762188,0.0027656215697942797,5.4857226997574634e-05
1298,0.5511952736754768,0.5482855216997176,0.5403289273355587,0.523097075451412,0.4868790585265986,0.18577494377923282,0.0027732566818656807,5.2548252869959414e-05
1299,0.5501945739610412,0.5472838060594185,0.5393548295995325,0.5221453721219755,0.485993056663901,0.18554720586973172,0.002779022792091369,5.079576580297154e-05
1300,0.5496510351833448,0.5467394397516514,0.5388277462196667,0.5216304537547412,0.48551369779937414,0.18542243154062749,0.002782157640175056,4.9840066435673596e-05
